{
  "project_info": {
    "project_number": "424480373332",
    "firebase_url": "https://loja-app-3f0ac.firebaseio.com",
    "project_id": "loja-app-3f0ac",
    "storage_bucket": "loja-app-3f0ac.appspot.com"
  },
  "client": [
    {
      "client_info": {
        "mobilesdk_app_id": "1:424480373332:android:8cccc4a7c3e4b4af",
        "android_client_info": {
          "package_name": "br.com.ucsal.loja"
        }
      },
      "oauth_client": [
        {
          "client_id": "424480373332-2gake9kono953okkbcc3g1eo000pc3nd.apps.googleusercontent.com",
          "client_type": 1,
          "android_info": {
            "package_name": "br.com.ucsal.loja",
            "certificate_hash": "f05d9f2ea5f031a7f046cc8acf585fbff052faed"
          }
        }
      ],
      "api_key": [
        {
          "current_key": "AIzaSyDldOzQnQprf902a6fsY03s1PisSEgwlzQ"
        }
      ],
      "services": {
        "appinvite_service": {
          "other_platform_oauth_client": [
            {
              "client_id": "424480373332-mtoh4pt1tmppr9d61vqs8iqb2kufgi01.apps.googleusercontent.com",
              "client_type": 3
            }
          ]
        }
      }
    }
  ],
  "configuration_version": "1"
}